id,fecha,texto
1990236256429822035,2025-11-17T01:51:14.000Z,"@DerechaDiarioMX LOS TIRANOS SIEMPRE GOBIERNAN DESDE UN PALACIO..
GENERACION ""Z"", TU VOZ CUENTA, CARLOS MANZO NO MURIO, QUIEN LO ASESINO #fueCLAUDIA.  
REVOCACI√ìN DE MANDATO YA!!!
                    #FueraMorena
MEXICANOS. 20 DE NOVIEMBRE INICIA LA REVOLUCI√ìN  MEXICANA
üëáüèªüëáüèªüëáüèªüëáüèªüëáüèªüëáüèªüëáüèªüëáüèªüëáüèªüëáüèªüëáüèªüëáüèªüëáüèª https://t.co/iBXtUzGfi9"
1990236182719189107,2025-11-17T01:50:57.000Z,"Icono d nuestra realidad, Carlos Manzo fue el detonador demostrando total valent√≠a, fortaleza, esp√≠ritu de lucha y convicci√≥n d lucha contra el abuso y dominio d los carteles hacia los ciudadanos dtodo el pa√≠s! M√©xico ya dijo basta! Ya dijo hasta aqu√≠! No m√°s!!! Todos juntos!!! https://t.co/4fdsUhdunp"
1990235878846034365,2025-11-17T01:49:44.000Z,"@Fernand46232557 @menjoss S√≠, existe un video filtrado de una c√°mara de seguridad que muestra el interior de la residencia de Carlos Manzo y Grecia Quiroz en Uruapan, Michoac√°n, fechado en octubre de 2025. Tambi√©n hay reportes de un incendio en una de sus casas, con videos disponibles en YouTube. Puedes"
1990235635748421799,2025-11-17T01:48:47.000Z,"Oye @CitlaHM

Ya que andas muy activa en eso de la defensa de la mujer (aja üòè)

Me puedes enviar el comunicado donde @mujeresgobmx aplique las sanciones de @Navegaciones y @monerorape por burlarse de la abuela de Carlos Manzo por estar en la  #MarchaNacional?

Aqu√≠ espero

‚ùå üò§ https://t.co/1MbwF8v8vv"
1990235596892336560,2025-11-17T01:48:37.000Z,@alvaro_delgado @lorenzocordovav @XochitlGalvez @ClaudioXGG @RicardoBSalinas Esto es para no olvidar los narcos Carlos manzo y el prian es lo que dejan sl pueblo
1990235308785590341,2025-11-17T01:47:29.000Z,"Est√°bamos tan concentrados en pelear con los panistas, que ignoramos a las Madres buscadoras y las v√≠ctimas de violencia que tambi√©n salieron a marchar por causas leg√≠timas.

El asesinato de Carlos Manzo gener√≥ una reacci√≥n p√∫blica importante pero debimos ordenar las prioridades."
1990235182646063573,2025-11-17T01:46:58.000Z,Las propuestas de Carlos Manzo son las del peque√±o dictador Bukele. https://t.co/tzFKSgNSjT
1990235068426838293,2025-11-17T01:46:31.000Z,@juanbaaq Dicen los hijos de Carlos Manzo que No Puede!!
1990234698069520426,2025-11-17T01:45:03.000Z,"Vilmente, Monero Rap√© se burl√≥ de la abuela de Carlos Manzo. Se burl√≥ del dolor de una mujer que exige justicia por el asesinato de su nieto. Que exige justicia ante un gobierno inepto. Es incre√≠ble el nivel de insensibilidad en el que han ca√≠do estos propagandistas del gobierno. https://t.co/5FsozJeylM"
1990234695049814424,2025-11-17T01:45:02.000Z,@LuisaAlcalde @PartidoMorenaMx MIRA. EST√öPIDA LA √öNICA QUE PROTAGONIZA EL ODIO ERES TUUUU Y TU FRAUDIA O POR QU√â TRAJO AL TREN DE ARAGUA PARA QUE ASESINARA A CARLOS MANZO? PERRA Y AHORA EN LA MARCHA DE AYER PORQUE ESOS MISMOS RETUVIERON A MUCHOS J√ìVENES MENORES DE EDAD PERRASSSSS
1990234201497424287,2025-11-17T01:43:05.000Z,"Principales que se manifiestan de esta , como tambi√©n con la muerte de Carlos Manzo!! Ya estaremos viendo  con que otra bajeza salen, est√°n desesperados! Y el miedo  los lleva a cometer los peores cr√≠menes, la  frustraci√≥n lleva a la ira, la ira lleva al miedo"
1990234186905448475,2025-11-17T01:43:01.000Z,"Vez como te lo  coment√©, que la derecha no se iba quedar conforme con su cacareada  manifestaci√≥n, como tambi√©n iban a tomar de bandera embrema no solo la muerte de Carlos Manzo, como tambi√©n iban a usurpar a un  movimiento hechos por j√≥venes!! As√≠ es la derecha usurpadora"
1990234169796940121,2025-11-17T01:42:57.000Z,"@catrina_nortena √âso es lo de menos, pendejin, la gente fue a apoyar el movimiento de Carlos Manzo, que estuvieran repartiendo sombreros no demerita el sentido de la protesta!"
1990233959683514371,2025-11-17T01:42:07.000Z,"@fer_nuntius @Georperell1975_ @LaColoniaJuarez @LaRomaDF @CulturaCiudadMx @5antaMerlina @AlessandraRdlv @pcacuauhtemoc @AlcCuauhtemocMx @INAPAM @QuePocaMadre_Mx @PAOTmx @inveacdmx @obdulioA @craviotocesar @erikayazminrg @supercivicosmx @arnemx Reconozco los riesgos graves en M√©xico, como el asesinato de Carlos Manzo pese a la visibilidad p√∫blica. Aun as√≠, opciones como denuncias an√≥nimas a trav√©s de plataformas seguras o fiscal√≠as especializadas reducen vulnerabilidades individuales. El progreso surge de acciones"
1990233666107080794,2025-11-17T01:40:57.000Z,"#M√©xico
Con el asesinato de Carlos Manzo y la represi√≥n de ayer, adi√≥s a la falsa ""popularidad"" que todos los d√≠as tratan de forjarle a @Claudiashein desde Palacio Nacional. https://t.co/q7rkHEWjCS"
1990233650181570658,2025-11-17T01:40:53.000Z,"@menjoss @grok existe alg√∫n video o fotograf√≠a que muestre la casa de Carlos Manzo y Grecia en Uruapan, Michoac√°n?"
1990233178716754331,2025-11-17T01:39:01.000Z,"La #MentirosaAsesinaGolpistaDerecha es capaz de todo, hasta de matar por eso #FueLaDerecha el asesino del Carlos Manzo aparejado con el #PRIAN https://t.co/MRkGxMojR0"
1990233093572010023,2025-11-17T01:38:40.000Z,"@NachoRgz Los perros abren los ojos a los tres d√≠as...  Si no est√°s informado, la marcha fue organizada a ra√≠z del asesinato de Carlos Manzo al no ofrecer las garant√≠as de seguridad el gobierno actual. Vas a descalificar, minimizar y rechazar la verdad, pero bueno, sigue feliz y equivocado"
1990232716441162091,2025-11-17T01:37:10.000Z,@ElInformante_1 Ayer justo tuve una vista de √©sa Plaza Incre√≠ble! Divino momento la Generaci√≥n Z pidiendo Justicia por Carlos Manzo y la RENUNCIA DE LA ZURDA ASESINA https://t.co/YYbkKGV8kN
1990232639782240408,2025-11-17T01:36:52.000Z,"@lopezdoriga ESTO NO DEBE QUEDAR AQU√ç !
Mexicanos  üá≤üáΩ 
Con VALENT√çA ! 
Por nuestros padres ! 
Abuelos ! 
Hijos!
Sobrinos !
Por Los CA√çDOS COMO:
CARLOS MANZO 
EL ABOGADO COHEN 
LOS LIMONEROS !
LOS DESAPARECIDOS ! 

POR M√âXICO CABRONES ! https://t.co/zLlHy5EpWw"
1990232581548208302,2025-11-17T01:36:38.000Z,"@Javier_Alatorre ESTO NO DEBE QUEDAR AQU√ç !
Mexicanos  üá≤üáΩ 
Con VALENT√çA ! 
Por nuestros padres ! 
Abuelos ! 
Hijos!
Sobrinos !
Por Los CA√çDOS COMO:
CARLOS MANZO 
EL ABOGADO COHEN 
LOS LIMONEROS !
LOS DESAPARECIDOS ! 

POR M√âXICO CABRONES !"
1990232494453461038,2025-11-17T01:36:18.000Z,"@lasillarota @BiciManager ESTO NO DEBE QUEDAR AQU√ç !
Mexicanos  üá≤üáΩ 
Con VALENT√çA ! 
Por nuestros padres ! 
Abuelos ! 
Hijos!
Sobrinos !
Por Los CA√çDOS COMO:
CARLOS MANZO 
EL ABOGADO COHEN 
LOS LIMONEROS !
LOS DESAPARECIDOS ! 

POR M√âXICO CABRONES ! https://t.co/fbzz281foW"
1990232438405030002,2025-11-17T01:36:04.000Z,@MargaritaC26200 @CarlaEUrenaA @ClaraBrugadaM @Claudiashein Agredir? Osea que se tienen que quedar callados ante un pa√≠s que tiene el mayor n√∫mero de asesinatos de Am√©rica Latina y que solo sacan a la polic√≠a para las protestas pero no para casos como el de Carlos Manzo?
1990232263464808615,2025-11-17T01:35:22.000Z,@Libro_negro_ Y eso que all√≠ no se ve toda la gente que est√° en las calles aleda√±as que fueron muchas tambi√©n. Carlos Manzo vive.
1990232256506405348,2025-11-17T01:35:21.000Z,"@PonchoGutz Se burlaron de la abuela de Carlos Manzo poncho, Neta que NO TIENEN MADRE. ü§Æ"
1990232112738259104,2025-11-17T01:34:47.000Z,"@RealArturoH Ante el asesinato de Carlos Manzo @Claudiashein sali√≥ ‚Äúcasual‚Äù a caminar y le agarran las chichis, ante la marcha de la #GeneracionZ ahora resulta que todo el r√©gimen se monta en el antisemitismo! Que FRACASO como madre resulto ser Annie Pardo Cemo, su hija NO TIENE LIMITES! https://t.co/toKDqtaHep"
1990232041426686214,2025-11-17T01:34:30.000Z,"@AlessandraRdlv A Carlos Manzo lo atacaron, lo ignoraron, lo golpearon, lo amenazaron, hasta privarlo de la vida
La marcha de ayer fue solo el principio de una ciudadan√≠a llena de hartazgo https://t.co/Kwyg0VpN6d"
1990231893611086253,2025-11-17T01:33:54.000Z,@maximoam_ A quien quieren enga√±ar todo fue preparado como lo de Carlos manzo pero cuando act√∫as mal se te pudre el tamal
1990231644641595888,2025-11-17T01:32:55.000Z,"@monerorape No s√© qui√©n sea ese gorila; al que s√≠ identifico es al miserable tipejo que se burl√≥ de la abuela de, Carlos Manzo. Usted."
1990231547744542818,2025-11-17T01:32:32.000Z,"@M_OlgaSCordero Si, d√≠gaselo a los que han sancionado por escribir en contra de un pol√≠tico, a los de denunciaron el aco so del CO como el alcalde Carlos Manzo, su comentario es una burla de muy mal gusto, y la poca libertad, no es gracias a ustedes, #MorenaYaSeVa"
1990231513565200562,2025-11-17T01:32:24.000Z,"@LuisaAlcalde @Claudiashein @rosaicela_ No Luisa, no es as√≠. Deja de defender al narcogobierno que mat√≥ a Carlos Manzo"
1990231500550238372,2025-11-17T01:32:21.000Z,"@CitlaCarvajaI @PartidoMorenaMx ESTO NO DEBE QUEDAR AQU√ç !
Mexicanos  üá≤üáΩ 
Con VALENT√çA ! 
Por nuestros padres ! 
Abuelos ! 
Hijos!
Sobrinos !
Por Los CA√çDOS COMO:
CARLOS MANZO 
EL ABOGADO COHEN 
LOS LIMONEROS !
LOS DESAPARECIDOS ! 

POR M√âXICO CABRONES ! https://t.co/ME1ikIdyHZ"
1990231374888927663,2025-11-17T01:31:51.000Z,"@generacionz_mx ESTO NO DEBE QUEDAR AQU√ç !
Mexicanos  üá≤üáΩ 
Con VALENT√çA ! 
Por nuestros padres ! 
Abuelos ! 
Hijos!
Sobrinos !
Por Los CA√çDOS COMO:
CARLOS MANZO 
EL ABOGADO COHEN 
LOS LIMONEROS !
LOS DESAPARECIDOS ! 

POR M√âXICO CABRONES ! https://t.co/aT1qhfYb5k"
1990231139357692214,2025-11-17T01:30:54.000Z,"@MLopezSanMartin üö®Son unos ANIMALES mataron a golpes a un polic√≠a.

Espero que le hagan documental como a Carlos Manzo.

üö´RICARDO SALINAS PLIEGO ES
UN:

A      S      E      S      I      N      O https://t.co/BrVQzH2m7t"
1990231031576707341,2025-11-17T01:30:29.000Z,"üö®Son unos ANIMALES mataron a golpes a un polic√≠a.

Espero que le hagan documental como a Carlos Manzo.

üö´RICARDO SALINAS PLIEGO ES
UN:

A      S      E      S      I      N      O https://t.co/DlCr99XA8E https://t.co/sx1uqf2Aqj"
1990231026556092592,2025-11-17T01:30:28.000Z,"El video que muestra a una banda michoacana en un festival de m√∫sica en Francia üá´üá∑ no se trata de un homenaje a Carlos Manzo.

Checa por qu√© se presentaronüêæ 

https://t.co/5JH5dDfRKF"
1990230957962489856,2025-11-17T01:30:11.000Z,"#LoM√°sVistoAN | Protecci√≥n de Guardia Nacional a Carlos Manzo ‚Äòno fall√≥‚Äô: secretario Defensa
https://t.co/BAuuigJiyo"
1990230696783147009,2025-11-17T01:29:09.000Z,"Carlos Manzo, eliminado por la nomenclatura. https://t.co/HsPGox35Le"
1990230671529533780,2025-11-17T01:29:03.000Z,ESTE ES EL VIDEO DE CARLOS MANZO QUE LA OPOSICION NO QUIERE QUE VEAS MIRA https://t.co/ERfVRyjFqN v√≠a @YouTube
1990229998439973109,2025-11-17T01:26:22.000Z,"@RicardoBSalinas @PartidoMorenaMx Asi la situaci√≥n de Carlos Manzo otro simulador corrupto vendido con la derecha, Ricardo salinas...El diablo lo tenga a fuego lento"
1990229969742512462,2025-11-17T01:26:16.000Z,Michoac√°n: An√°lisis del Homicidio de Carlos Manzo https://t.co/I8ojvpwrYk a trav√©s de @YouTube
1990229813857042528,2025-11-17T01:25:38.000Z,"üö®üö® #Lo√öltimo üö®üö®
A un par de semanas del asesinato de Carlos Manzo, nombran a Jos√© Antonio Cruz Medina como nuevo secretario de Seguridad en Michoac√°n ü§®üîé https://t.co/CYzMFYJ8HO"
1990229283923472857,2025-11-17T01:23:32.000Z,"VIVAN CARLOS MANZO Y LAS GENERACIONES A hasta la Z! 
https://t.co/DxFvO8IiUO"
1990228670397505680,2025-11-17T01:21:06.000Z,Anuncian nuevo Secretario de Seguridad en Michoac√°n a semanas del homicidio de Carlos Manzo https://t.co/wJKz19DcGk
1990227534081081387,2025-11-17T01:16:35.000Z,"@arturoangel20 @ferbelaunzaran YA BASTA!. En su DESESPERACI√ìN POR PROVOCAR DISTURBIOS Y CREAR M√ÅRTIRES, @RicardoBSalinas convoc√≥ a grupos como ""LAS FEMINAZIS"" a la marcha de la llamada @generacionz_mx .
Qui√©n mand√≥ matar a Carlos Manzo, cre√≥ est√° coyuntura e INTENTA MANIPULAR a M√©xico?https://t.co/ydClhBBDkB‚Ä¶"
1990227503584063646,2025-11-17T01:16:28.000Z,"Su pliego petitorio es rid√≠culo, tanto que hasta lo borraron y la marcha estuvo llena de personas adultas.
No niego que hubo personas que fueron por causas leg√≠timas (como el asesinato de Carlos Manzo) pero la organizaci√≥n de esta marcha fue una instrumentalizaci√≥n del pueblo"
1990227495145316745,2025-11-17T01:16:26.000Z,"@pbperito @LillyTellez @generacionz_mx YA BASTA!. En su DESESPERACI√ìN POR PROVOCAR DISTURBIOS Y CREAR M√ÅRTIRES, @RicardoBSalinas convoc√≥ a grupos como ""LAS FEMINAZIS"" a la marcha de la llamada @generacionz_mx .
Qui√©n mand√≥ matar a Carlos Manzo, cre√≥ est√° coyuntura e INTENTA MANIPULAR a M√©xico?https://t.co/ydClhBBDkB‚Ä¶"
1990227438031315021,2025-11-17T01:16:12.000Z,"@citizenedgar @LillyTellez YA BASTA!. En su DESESPERACI√ìN POR PROVOCAR DISTURBIOS Y CREAR M√ÅRTIRES, @RicardoBSalinas convoc√≥ a grupos como ""LAS FEMINAZIS"" a la marcha de la llamada @generacionz_mx .
Qui√©n mand√≥ matar a Carlos Manzo, cre√≥ est√° coyuntura e INTENTA MANIPULAR a M√©xico?https://t.co/ydClhBB5v3‚Ä¶"
1990227437674701051,2025-11-17T01:16:12.000Z,@Pandita__toxico @PonchoGutz Que tal los acarreado y pagados del bienestar apoyando el narco estado la corrupci√≥n segalmex el tr√°fico de huchicol la muerte de Carlos manzo a adan augusto los excesos y lujos de los politicos los desaparecidos la falta de medicamentos las muertes diarias https://t.co/A6tSGFi55y
1990227358893142149,2025-11-17T01:15:53.000Z,"@LillyTellez YA BASTA!. En su DESESPERACI√ìN POR PROVOCAR DISTURBIOS Y CREAR M√ÅRTIRES, @RicardoBSalinas convoc√≥ a grupos como ""LAS FEMINAZIS"" a la marcha de la llamada @generacionz_mx .
Qui√©n mand√≥ matar a Carlos Manzo, cre√≥ est√° coyuntura e INTENTA MANIPULAR a M√©xico?https://t.co/ydClhBB5v3‚Ä¶"
1990227253737746477,2025-11-17T01:15:28.000Z,"@ClaudioXGG YA BASTA!. En su DESESPERACI√ìN POR PROVOCAR DISTURBIOS Y CREAR M√ÅRTIRES, @RicardoBSalinas convoc√≥ a grupos como ""LAS FEMINAZIS"" a la marcha de la llamada @generacionz_mx .
Qui√©n mand√≥ matar a Carlos Manzo, cre√≥ est√° coyuntura e INTENTA MANIPULAR a M√©xico?https://t.co/ydClhBB5v3‚Ä¶"
1990227195999232355,2025-11-17T01:15:14.000Z,"@MaguMonero @ferbelaunzaran YA BASTA!. En su DESESPERACI√ìN POR PROVOCAR DISTURBIOS Y CREAR M√ÅRTIRES, @RicardoBSalinas convoc√≥ a grupos como ""LAS FEMINAZIS"" a la marcha de la llamada @generacionz_mx .
Qui√©n mand√≥ matar a Carlos Manzo, cre√≥ est√° coyuntura e INTENTA MANIPULAR a M√©xico?https://t.co/ydClhBBDkB‚Ä¶"
1990227106177986568,2025-11-17T01:14:53.000Z,"@AristeguiOnline YA BASTA!. En su DESESPERACI√ìN POR PROVOCAR DISTURBIOS Y CREAR M√ÅRTIRES, @RicardoBSalinas convoc√≥ a grupos como ""LAS FEMINAZIS"" a la marcha de la llamada @generacionz_mx .
Qui√©n mand√≥ matar a Carlos Manzo, cre√≥ est√° coyuntura e INTENTA MANIPULAR a M√©xico?https://t.co/ydClhBB5v3‚Ä¶"
1990227071361040608,2025-11-17T01:14:45.000Z,@luzelenachavez8 @Claudiashein @Claudio19523149 En memoria de Carlos Manzo?  No digas mmdas! Vil carro√±eria!!!
1990226950418243798,2025-11-17T01:14:16.000Z,"@AztecaNoticias @AntonioHuitzil2 YA BASTA!. En su DESESPERACI√ìN POR PROVOCAR DISTURBIOS Y CREAR M√ÅRTIRES, @RicardoBSalinas convoc√≥ a grupos como ""LAS FEMINAZIS"" a la marcha de la llamada @generacionz_mx .
Qui√©n mand√≥ matar a Carlos Manzo, cre√≥ est√° coyuntura e INTENTA MANIPULAR a M√©xico?https://t.co/ydClhBB5v3‚Ä¶"
1990226891790537173,2025-11-17T01:14:02.000Z,"@RicardoBSalinas @ARBedolla YA BASTA!. En su DESESPERACI√ìN POR PROVOCAR DISTURBIOS Y CREAR M√ÅRTIRES, @RicardoBSalinas convoc√≥ a grupos como ""LAS FEMINAZIS"" a la marcha de la llamada @generacionz_mx .
Qui√©n mand√≥ matar a Carlos Manzo, cre√≥ est√° coyuntura e INTENTA MANIPULAR a M√©xico?https://t.co/ydClhBBDkB‚Ä¶"
1990226807476342837,2025-11-17T01:13:42.000Z,"@anakarysolis @YosoyPedrero @MLopezSanMartin Hasta Carlos Manzo se puso contento con esa respuesta, b√°ilele mi Carlitos Manzo https://t.co/NNaWmipJvd"
1990226792637153394,2025-11-17T01:13:38.000Z,"@marianagc YA BASTA!. En su DESESPERACI√ìN POR PROVOCAR DISTURBIOS Y CREAR M√ÅRTIRES, @RicardoBSalinas convoc√≥ a grupos como ""LAS FEMINAZIS"" a la marcha de la llamada @generacionz_mx .
Qui√©n mand√≥ matar a Carlos Manzo, cre√≥ est√° coyuntura e INTENTA MANIPULAR a M√©xico?https://t.co/ydClhBBDkB‚Ä¶"
1990226749754671416,2025-11-17T01:13:28.000Z,"@PaulinaRubioFdz YA BASTA!. En su DESESPERACI√ìN POR PROVOCAR DISTURBIOS Y CREAR M√ÅRTIRES, @RicardoBSalinas convoc√≥ a grupos como ""LAS FEMINAZIS"" a la marcha de la llamada @generacionz_mx .
Qui√©n mand√≥ matar a Carlos Manzo, cre√≥ est√° coyuntura e INTENTA MANIPULAR a M√©xico?https://t.co/ydClhBBDkB‚Ä¶"
1990226707593445511,2025-11-17T01:13:18.000Z,"@generacionz_mx YA BASTA!. En su DESESPERACI√ìN POR PROVOCAR DISTURBIOS Y CREAR M√ÅRTIRES, @RicardoBSalinas convoc√≥ a grupos como ""LAS FEMINAZIS"" a la marcha de la llamada @generacionz_mx .
Qui√©n mand√≥ matar a Carlos Manzo, cre√≥ est√° coyuntura e INTENTA MANIPULAR a M√©xico?https://t.co/ydClhBBDkB‚Ä¶"
1990226669597245896,2025-11-17T01:13:09.000Z,"@Melissa_Bely YA BASTA!. En su DESESPERACI√ìN POR PROVOCAR DISTURBIOS Y CREAR M√ÅRTIRES, @RicardoBSalinas convoc√≥ a grupos como ""LAS FEMINAZIS"" a la marcha de la llamada @generacionz_mx .
Qui√©n mand√≥ matar a Carlos Manzo, cre√≥ est√° coyuntura e INTENTA MANIPULAR a M√©xico?https://t.co/ydClhBBDkB‚Ä¶"
1990226656611696970,2025-11-17T01:13:06.000Z,@monerorape Tu eres el que se burlo de la abuela de Carlos Manzo...
1990226626383069456,2025-11-17T01:12:59.000Z,"@Moonlight_Blue4 YA BASTA!. En su DESESPERACI√ìN POR PROVOCAR DISTURBIOS Y CREAR M√ÅRTIRES, @RicardoBSalinas convoc√≥ a grupos como ""LAS FEMINAZIS"" a la marcha de la llamada @generacionz_mx .
Qui√©n mand√≥ matar a Carlos Manzo, cre√≥ est√° coyuntura e INTENTA MANIPULAR a M√©xico?https://t.co/ydClhBB5v3‚Ä¶"
1990226582804238642,2025-11-17T01:12:48.000Z,"@DerechaDiarioMX YA BASTA!. En su DESESPERACI√ìN POR PROVOCAR DISTURBIOS Y CREAR M√ÅRTIRES, @RicardoBSalinas convoc√≥ a grupos como ""LAS FEMINAZIS"" a la marcha de la llamada @generacionz_mx .
Qui√©n mand√≥ matar a Carlos Manzo, cre√≥ est√° coyuntura e INTENTA MANIPULAR a M√©xico?https://t.co/ydClhBB5v3‚Ä¶"
1990226508162691400,2025-11-17T01:12:30.000Z,"@azucenau YA BASTA!. En su DESESPERACI√ìN POR PROVOCAR DISTURBIOS Y CREAR M√ÅRTIRES, @RicardoBSalinas convoc√≥ a grupos como ""LAS FEMINAZIS"" a la marcha de la llamada @generacionz_mx .
Qui√©n mand√≥ matar a Carlos Manzo, cre√≥ est√° coyuntura e INTENTA MANIPULAR a M√©xico?https://t.co/ydClhBBDkB‚Ä¶"
1990226451191529588,2025-11-17T01:12:17.000Z,"@RicardoBSalinas YA BASTA!. En su DESESPERACI√ìN POR PROVOCAR DISTURBIOS Y CREAR M√ÅRTIRES, @RicardoBSalinas convoc√≥ a grupos como ""LAS FEMINAZIS"" a la marcha de la llamada @generacionz_mx .
Qui√©n mand√≥ matar a Carlos Manzo, cre√≥ est√° coyuntura e INTENTA MANIPULAR a M√©xico?https://t.co/ydClhBBDkB‚Ä¶"
1990226399022739805,2025-11-17T01:12:04.000Z,"@PartidoMorenaMx Eso si lo condenan, pero no fueran los grupos criminales q asedian todo M√©xico, o la muerte de la maestra que trabajaba de Uber en Veracruz, o la muerte de qui√©n dirig√≠a el sindicato de limoneros, o la muerte de Carlos manzo, ah√≠ si ni se pronunciaron hdp!!! Morena corruptos!!!"
1990226352356966877,2025-11-17T01:11:53.000Z,"@Javier_Alatorre YA BASTA!. En su DESESPERACI√ìN POR PROVOCAR DISTURBIOS Y CREAR M√ÅRTIRES, @RicardoBSalinas convoc√≥ a grupos como ""LAS FEMINAZIS"" a la marcha de la llamada @generacionz_mx .
Qui√©n mand√≥ matar a Carlos Manzo, cre√≥ est√° coyuntura e INTENTA MANIPULAR a M√©xico?https://t.co/ydClhBBDkB‚Ä¶"
1990226311055393025,2025-11-17T01:11:43.000Z,@maximoam_ hablar mal de la memoria de Carlos Manzo... no es buena idea eh! ve a gritar eso a Uruapan a ver c√≥mo te va! üôÑüôÑüôÑ
1990226286040481875,2025-11-17T01:11:37.000Z,"@Javier_Alatorre YA BASTA!. En su DESESPERACI√ìN POR PROVOCAR DISTURBIOS Y CREAR M√ÅRTIRES, @RicardoBSalinas convoc√≥ a grupos como ""LAS FEMINAZIS"" a la marcha de la llamada @generacionz_mx .
Qui√©n mand√≥ matar a Carlos Manzo, cre√≥ est√° coyuntura e INTENTA MANIPULAR a M√©xico?https://t.co/ydClhBB5v3‚Ä¶"
1990226123364741622,2025-11-17T01:10:59.000Z,"@PonchoGutz ¬øQue los polic√≠as, totalmente equipados, fueron derrotados por una marcha de viejitos? Consistente con el asesinato de Carlos Manzo, donde nos enteramos que el federal es incompetente. Broma, obviamente el federal miente."
1990225960986452140,2025-11-17T01:10:20.000Z,"@RicardoBSalinas @PartidoMorenaMx YA BASTA!. En su DESESPERACI√ìN POR PROVOCAR DISTURBIOS Y CREAR M√ÅRTIRES, @RicardoBSalinas convoc√≥ a grupos como ""LAS FEMINAZIS"" a la marcha de la llamada @generacionz_mx .
Qui√©n mand√≥ matar a Carlos Manzo, cre√≥ est√° coyuntura e INTENTA MANIPULAR a M√©xico?https://t.co/ydClhBBDkB‚Ä¶"
1990225907454525671,2025-11-17T01:10:07.000Z,@azucenau @FabiaNoise @El_Universal_Mx Que no escuchaste a l esposa de Carlos Manzo deslindarse de esta completa FARSA de marcha
1990225866924687678,2025-11-17T01:09:57.000Z,"@Andrea_VelezP @Fridaguerrera @VocesDLAusencia @jet1403 @julioastillero @Esanjuro ¬øTambi√©n te quer√≠as colgar?

Para eso ya tienes a Carlos Manzo, ¬øno? Su viuda pidi√≥ que no se usara su muerte, a t√≠ y a toda la fachiza les vale m4dre, porque les vale m4dre el pa√≠s. Lo √∫nico que quieren t√∫ y los dem√°s vejestorios PARTIDISTAS es recuperar sus privilegios üòå‚¨áÔ∏è https://t.co/rhqRQzYNNd"
1990225572363211014,2025-11-17T01:08:47.000Z,"No tiene limites esta HIJA DE LA CHINGADA @Claudiashein primero se deja tocar las chichis para desviar la atenci√≥n del asesinato de Carlos Manzo, ahora pone a las hordas a desviar la marcha de la #Generaci√≥nZ usando el nazismo. QUE ASCO ME DA TU HIJA, Annie Pardo! Que mala madre! https://t.co/oPyeoUlfLg"
1990224895066673455,2025-11-17T01:06:06.000Z,@YalaniV @violetamg10078 No se√±or no desinforme y no se escuse con la vida de alguien que si ve√≠a por la ley y solo para que los epa  Carlos Manzo se sali√≥ del partido de morena por qu√© hab√≠a muchas inconsistencias en el partido dicho por el as√≠ que ah√≠ tiene sus croquetas perro vendido
1990224768499614119,2025-11-17T01:05:36.000Z,"¬°Carlos Manzo, no se olvida! https://t.co/5aAfriKBCZ"
1990224643941417109,2025-11-17T01:05:06.000Z,"@MaxKaiser75 El poder reside en el pueblo, en contraposici√≥n a un monarca o √©lite. LOS TIRANOS SIEMPRE GOBIERNAN DESDE UN PALACIO
GENERACION ""Z"", TU VOZ CUENTA, CARLOS MANZO NO MURIO, QUIEN LO ASESINO #fueCLAUDIA.  
REVOCACI√ìN DE MANDATO YA!!!
MEXICANOS. 20 DE NOVIEMBRE REVOLUCI√ìN  MEXICANA https://t.co/2vyXBgTGSf"
1990224632939778310,2025-11-17T01:05:03.000Z,"@MarOliMx La se√±ora Morgan finge que le importa la vida de la se√±ora fallecida, pero habla de su empleada como si fuera su esclava. Esta gentuza es ego√≠sta en primer lugar, la vida humana les vale madre, solo la usan de consigna, sea de una mujer de √°rea rural o sea Carlos Manzo."
1990224189962293291,2025-11-17T01:03:18.000Z,"@DaEcheverriaMX Abran carpetas contra los cabrones que asesinaron a Carlos Manzo , 
Abran carpetas contra los cabrones que robaron en Pemex, 
Abran carpetas de investigacion con AMLO, su hijo , su hermano y sus c√≥mplices"
1990224104436424730,2025-11-17T01:02:57.000Z,"@ANDREAAS1382551 @PilarNosoyBoot @cayetanaAT Pues solo eso falta hija de tu pndja madre que te abort√≥..ahora resulta que no podemos protestar porque nos matan, como lo hicieron con Carlos Manzo..en Uruapan!"
1990224026262761966,2025-11-17T01:02:39.000Z,Ooof: Una noche con Carlos Manzo. As√≠ cazaba bandidos el alcalde de Uruapan. https://t.co/UWAWSmSQ1A https://t.co/95iFnVkJkr
1990223888513679708,2025-11-17T01:02:06.000Z,@Claudiashein  mato a Carlos Manzo https://t.co/uupOX7lT9d
1990223364791697587,2025-11-17T01:00:01.000Z,"El diputado independiente Carlos Bautista pidi√≥  a @LuisaAlcalde poner atenci√≥n a los integrantes de Morena: ""Hay m√°s de 100 denuncias que hizo #CarlosManzo en contra del exalcalde y todo se grupo de rufianes"".
https://t.co/4zeHYJtRfQ"
1990223361847578986,2025-11-17T01:00:00.000Z,"Un mes antes del asesinato del alcalde de Uruapan, Carlos Manzo, üá∫üá∏ EE.UU. advirti√≥ que el CJNG y otros c√°rteles reclutaban menores y los forzaban a delinquir aprovech√°ndose de sus adicciones. https://t.co/17k24BtkcN"
1990223360622473547,2025-11-17T01:00:00.000Z,"#LoM√°sVisto | Ana Gabriel tom√≥ unos minutos de uno de sus concierto para lamentar el as3sin4to del alcalde de Uruapan, Michoac√°n, Carlos Manzo https://t.co/PpMMTBAc52"
1990223269589557440,2025-11-17T00:59:38.000Z,"@Inteligente001 El objetivo #15Nov fue exigir justicia,denunciar la violencia, corrupci√≥n e impunidad, pedir acciones reales del gobierno, defender las instituciones, y visibilizar el hartazgo juvenil tras el asesinato de Carlos Manzo. 
Fue para exigir q el gobierno responda
üá≤üáΩmerece seguridad"
1990223115134382226,2025-11-17T00:59:01.000Z,"@Alxcoatl @GuacamayanLeaks @generacionz_mx Para que llores CHIMPANCHAIRO...
LA  JUD√çA... Y ADEM√ÅS B√öLGARA-LITUANA MANDA REPRIMIR A SU ESTILO SIONISTA, COMO ISRAEL A LOS PALESTINOS, LO TRAE EN LA SANGR√â. 
NI PERDON,  NI OLVIDO, #fueCLAUDIA LA QUE ASESINO A CARLOS MANZO
NUEVAS ELECCI√ìNES PRESIDENCIALES!
üëáüèªüëáüèªüëáüèªüëáüèªüëáüèªüëáüèªüëáüèªüëáüèªüëáüèªüëáüèª https://t.co/VoVKn6krd5"
1990223069185737150,2025-11-17T00:58:50.000Z,"@LaloUrbanoM @Claudiashein @cayetanaAT CARLOS MANZO, RESPONSABILIZA AL NARCO BORRACHO FECAL FELIPE CALDERON, DE TODA LA TRAGEDIA DE INSEGURIDAD QUE EXISTE EN MEXICO. ADEM√ÅS, QUE LE ROB√ì LA PRESIDENCIA A LOPEZ OBRADOR, PARA GOBERNAR UN NARCO ESTADO, CON SOCIEDAD CON LOS CARTELES . VER VIDEO
https://t.co/TNqQbKZLLB"
1990222935475523666,2025-11-17T00:58:19.000Z,"@LaloUrbanoM @Claudiashein @cayetanaAT ESTO ES LO QUE VERDADERAMENTE PENSABA, DECIA Y ACLARABA CARLOS MANZO SOBRE LA PRESIDENTA CLAUDIA SHEINBAUM, QUE LA DERECHA, EL PAN Y PRI, HA QUERIDO OCULTAR Y BORRAR.
https://t.co/PwiLecCnW2"
1990222820597780584,2025-11-17T00:57:51.000Z,@Claudiashein Ojala con ese interes hubieras protegido a carlos manzo. tu irresponsabilidad deja familiaa huerfanas
1990222820358644215,2025-11-17T00:57:51.000Z,"@Morena_Durango_ Este se√±or que asesinaron cobardemente los del crimen organizado y en conturbenio con el gobierno  seguir√° su legado por muchos a√±os. 
Mejor presidente municipal lic Carlos Manzo. https://t.co/lSk6yFGrY3"
1990222505714544962,2025-11-17T00:56:36.000Z,"Carlos Manzo, eliminado por la nomenclatura. https://t.co/YOmV6IrC3f"
1990221952984952907,2025-11-17T00:54:24.000Z,"La marcha no hubiera pegado si la 4ta no decide anteponer ls intere$es d la ""asesora presidencial""a ls dl CAMPO.
Tras la muerte d Carlos Manzo ning√∫n despido solo programas pdrros. Estancamiento econ√≥mico,
DESIGUALDAD.
Q esperaba Sheinbaum q iba a pasar?cualquier cerillo explota https://t.co/kTotsolOj0"
1990221890368200917,2025-11-17T00:54:09.000Z,@Moonlight_Blue4 BIEN DIJO CARLOS MANZO LOS PRIANISTAS SOLO SON OPORTUNISTAS QUE UTILIZAN LA DESGRACIA PARA SACAR RAJA POL√çTICA https://t.co/7Xzzsv0z6r
1990221319854563353,2025-11-17T00:51:53.000Z,"Carlos Manzo dijo: ""a los delincuentes hay que darles chingadazos"". Morena es una organizaci√≥n criminal. Agresiones CRIMINALES en vs de ciudadanos en el #Zocalo #PalacioNacional  han despertado la furia del tigre dormido ( mexicanos) üá≤üáΩüî•"
1990221263722418531,2025-11-17T00:51:40.000Z,"@monerorape Hablando de violencia, porque borraste el mensaje donde te burlas de la abuelita de Carlos Manzo.ü§î https://t.co/53JkTKZr28"
1990221098735263975,2025-11-17T00:51:01.000Z,@FelipeCalderon HIP√ìCRITA MARYKON !!! Michoac√°n est√° como est√° por tu culpa @FelipeCalderon !!! Hasta Carlos Manzo lo mencion√≥ !!! NO ENGA√ëAS A NADIE !!!
1990220560895520828,2025-11-17T00:48:52.000Z,"Carlos Manzo les pidi√≥ apoyo federal, se lo negaron y como resultado fue asesinado!!!üá≤üáΩ
@osalomjr @SecRubio
@PaolaGarateV @IreriGM
@gabyalechavez @aleoglez
@MsMacallan @khalesi_B
@Lu_sein_45 @Pedro_V_H
https://t.co/LpSWRnr4ut"
